Pi'd,Fi'd,Ratings
P-1,F-1,4
P-1,F-2,1
P-1,F-3,4
P-1,F-4,2
P-1,F-5,5
P-1,F-6,5
P-1,F-7,3
P-1,F-8,3
P-1,F-9,2
P-1,F-10,3
P-1,F-11,2
P-1,F-12,5
P-1,F-13,2
P-1,F-14,4
P-1,F-15,2
P-1,F-16,4
P-1,F-17,2
P-1,F-18,1
P-1,F-19,5
P-1,F-20,2
P-1,F-21,2
P-1,F-22,3
P-1,F-23,4
P-1,F-24,5
P-1,F-25,5
P-1,F-26,5
P-1,F-27,5
P-1,F-28,1
P-1,F-29,5
P-1,F-30,3
P-1,F-31,5
P-1,F-32,5
P-1,F-33,2
P-1,F-34,5
P-1,F-35,3
P-1,F-36,1
P-1,F-37,2
P-1,F-38,4
P-1,F-39,1
P-1,F-40,1
P-1,F-41,1
P-1,F-42,5
P-1,F-43,1
P-1,F-44,3
P-1,F-45,3
P-1,F-46,5
P-1,F-47,5
P-1,F-48,4
P-1,F-49,1
P-1,F-50,4
P-1,F-51,5
P-1,F-52,1
P-1,F-53,3
P-1,F-54,3
P-1,F-55,5
P-1,F-56,1
P-1,F-57,1
P-1,F-58,1
P-1,F-59,4
P-1,F-60,5
P-1,F-61,3
P-1,F-62,1
P-1,F-63,4
P-1,F-64,5
P-1,F-65,4
P-1,F-66,2
P-1,F-67,4
P-1,F-68,3
P-1,F-69,5
P-1,F-70,4
P-1,F-71,2
P-1,F-72,2
P-1,F-73,4
P-1,F-74,4
P-1,F-75,2
P-1,F-76,2
P-1,F-77,3
P-1,F-78,5
P-1,F-79,5
P-1,F-80,4
P-1,F-81,1
P-1,F-82,4
P-1,F-83,5
P-1,F-84,1
P-1,F-85,2
P-1,F-86,5
P-1,F-87,4
P-1,F-88,3
P-1,F-89,2
P-1,F-90,2
P-1,F-91,5
P-1,F-92,3
P-1,F-93,1
P-1,F-94,1
P-1,F-95,3
P-1,F-96,5
P-1,F-97,5
P-1,F-98,4
P-1,F-99,5
P-1,F-100,3
P-1,F-101,1
P-1,F-102,3
P-1,F-103,5
P-1,F-104,2
P-1,F-105,3
P-1,F-106,1
P-1,F-107,1
P-1,F-108,1
P-1,F-109,2
P-1,F-110,5
P-1,F-111,2
P-1,F-112,5
P-1,F-113,2
P-1,F-114,5
P-1,F-115,2
P-1,F-116,4
P-1,F-117,5
P-1,F-118,3
P-1,F-119,5
P-1,F-120,2
P-1,F-121,2
P-1,F-122,5
P-1,F-123,2
P-1,F-124,1
P-1,F-125,5
P-1,F-126,2
P-1,F-127,1
P-1,F-128,5
P-1,F-129,4
P-1,F-130,4
P-1,F-131,2
P-1,F-132,4
P-1,F-133,5
P-2,F-1,3
P-2,F-2,1
P-2,F-3,1
P-2,F-4,4
P-2,F-5,1
P-2,F-6,2
P-2,F-7,1
P-2,F-8,4
P-2,F-9,2
P-2,F-10,4
P-2,F-11,2
P-2,F-12,4
P-2,F-13,2
P-2,F-14,3
P-2,F-15,5
P-2,F-16,4
P-2,F-17,5
P-2,F-18,3
P-2,F-19,2
P-2,F-20,4
P-2,F-21,1
P-2,F-22,3
P-2,F-23,5
P-2,F-24,2
P-2,F-25,3
P-2,F-26,4
P-2,F-27,4
P-2,F-28,4
P-2,F-29,4
P-2,F-30,3
P-2,F-31,3
P-2,F-32,2
P-2,F-33,3
P-2,F-34,5
P-2,F-35,3
P-2,F-36,2
P-2,F-37,5
P-2,F-38,3
P-2,F-39,5
P-2,F-40,1
P-2,F-41,2
P-2,F-42,1
P-2,F-43,2
P-2,F-44,1
P-2,F-45,5
P-2,F-46,3
P-2,F-47,1
P-2,F-48,3
P-2,F-49,5
P-2,F-50,2
P-2,F-51,4
P-2,F-52,5
P-2,F-53,1
P-2,F-54,2
P-2,F-55,2
P-2,F-56,5
P-2,F-57,1
P-2,F-58,3
P-2,F-59,5
P-2,F-60,2
P-2,F-61,2
P-2,F-62,4
P-2,F-63,3
P-2,F-64,5
P-2,F-65,3
P-2,F-66,5
P-2,F-67,1
P-2,F-68,4
P-2,F-69,1
P-2,F-70,3
P-2,F-71,2
P-2,F-72,5
P-2,F-73,5
P-2,F-74,4
P-2,F-75,4
P-2,F-76,5
P-2,F-77,4
P-2,F-78,4
P-2,F-79,5
P-2,F-80,1
P-2,F-81,5
P-2,F-82,4
P-2,F-83,5
P-2,F-84,5
P-2,F-85,2
P-2,F-86,2
P-2,F-87,5
P-2,F-88,4
P-2,F-89,2
P-2,F-90,5
P-2,F-91,1
P-2,F-92,5
P-2,F-93,4
P-2,F-94,4
P-2,F-95,5
P-2,F-96,2
P-2,F-97,4
P-2,F-98,5
P-2,F-99,3
P-2,F-100,5
P-2,F-101,5
P-2,F-102,3
P-2,F-103,3
P-2,F-104,4
P-2,F-105,2
P-2,F-106,3
P-2,F-107,3
P-2,F-108,1
P-2,F-109,2
P-2,F-110,2
P-2,F-111,5
P-2,F-112,5
P-2,F-113,1
P-2,F-114,1
P-2,F-115,2
P-2,F-116,1
P-2,F-117,1
P-2,F-118,5
P-2,F-119,3
P-2,F-120,3
P-2,F-121,5
P-2,F-122,4
P-2,F-123,2
P-2,F-124,1
P-2,F-125,5
P-2,F-126,1
P-2,F-127,3
P-2,F-128,5
P-2,F-129,5
P-2,F-130,2
P-2,F-131,3
P-2,F-132,1
P-2,F-133,3
P-3,F-1,4
P-3,F-2,4
P-3,F-3,4
P-3,F-4,3
P-3,F-5,1
P-3,F-6,5
P-3,F-7,1
P-3,F-8,1
P-3,F-9,3
P-3,F-10,4
P-3,F-11,2
P-3,F-12,3
P-3,F-13,4
P-3,F-14,1
P-3,F-15,3
P-3,F-16,3
P-3,F-17,2
P-3,F-18,2
P-3,F-19,2
P-3,F-20,1
P-3,F-21,5
P-3,F-22,1
P-3,F-23,4
P-3,F-24,5
P-3,F-25,4
P-3,F-26,3
P-3,F-27,5
P-3,F-28,1
P-3,F-29,1
P-3,F-30,3
P-3,F-31,5
P-3,F-32,3
P-3,F-33,3
P-3,F-34,5
P-3,F-35,1
P-3,F-36,4
P-3,F-37,1
P-3,F-38,1
P-3,F-39,1
P-3,F-40,2
P-3,F-41,4
P-3,F-42,3
P-3,F-43,3
P-3,F-44,1
P-3,F-45,3
P-3,F-46,4
P-3,F-47,5
P-3,F-48,1
P-3,F-49,5
P-3,F-50,5
P-3,F-51,4
P-3,F-52,1
P-3,F-53,2
P-3,F-54,3
P-3,F-55,4
P-3,F-56,2
P-3,F-57,2
P-3,F-58,3
P-3,F-59,4
P-3,F-60,3
P-3,F-61,4
P-3,F-62,2
P-3,F-63,3
P-3,F-64,5
P-3,F-65,5
P-3,F-66,5
P-3,F-67,4
P-3,F-68,5
P-3,F-69,1
P-3,F-70,2
P-3,F-71,5
P-3,F-72,3
P-3,F-73,3
P-3,F-74,4
P-3,F-75,1
P-3,F-76,2
P-3,F-77,5
P-3,F-78,2
P-3,F-79,3
P-3,F-80,3
P-3,F-81,1
P-3,F-82,1
P-3,F-83,2
P-3,F-84,5
P-3,F-85,4
P-3,F-86,5
P-3,F-87,2
P-3,F-88,3
P-3,F-89,2
P-3,F-90,5
P-3,F-91,3
P-3,F-92,4
P-3,F-93,5
P-3,F-94,1
P-3,F-95,1
P-3,F-96,4
P-3,F-97,4
P-3,F-98,3
P-3,F-99,2
P-3,F-100,5
P-3,F-101,5
P-3,F-102,3
P-3,F-103,2
P-3,F-104,4
P-3,F-105,3
P-3,F-106,5
P-3,F-107,1
P-3,F-108,5
P-3,F-109,3
P-3,F-110,1
P-3,F-111,4
P-3,F-112,5
P-3,F-113,2
P-3,F-114,5
P-3,F-115,2
P-3,F-116,1
P-3,F-117,5
P-3,F-118,2
P-3,F-119,4
P-3,F-120,5
P-3,F-121,1
P-3,F-122,3
P-3,F-123,2
P-3,F-124,2
P-3,F-125,4
P-3,F-126,1
P-3,F-127,3
P-3,F-128,4
P-3,F-129,4
P-3,F-130,1
P-3,F-131,5
P-3,F-132,2
P-3,F-133,2
P-25,F-1,5
P-25,F-2,4
P-25,F-3,2
P-25,F-4,4
P-25,F-5,1
P-25,F-6,2
P-25,F-7,5
P-25,F-8,5
P-25,F-9,3
P-25,F-10,1
P-25,F-11,1
P-25,F-12,2
P-25,F-13,5
P-25,F-14,4
P-25,F-15,4
P-25,F-16,2
P-25,F-17,1
P-25,F-18,5
P-25,F-19,5
P-25,F-20,4
P-25,F-21,4
P-25,F-22,5
P-25,F-23,2
P-25,F-24,1
P-25,F-25,5
P-25,F-26,4
P-25,F-27,2
P-25,F-28,2
P-25,F-29,3
P-4,F-30,4
P-4,F-31,5
P-4,F-32,4
P-4,F-33,5
P-4,F-34,4
P-4,F-35,3
P-4,F-36,3
P-4,F-37,4
P-4,F-38,4
P-4,F-39,1
P-4,F-40,5
P-4,F-41,3
P-4,F-42,2
P-4,F-43,1
P-4,F-44,5
P-4,F-45,5
P-4,F-46,5
P-4,F-47,2
P-4,F-48,4
P-4,F-49,1
P-4,F-50,5
P-4,F-51,2
P-4,F-52,4
P-4,F-53,3
P-4,F-54,4
P-4,F-55,4
P-4,F-56,4
P-4,F-57,1
P-4,F-58,1
P-4,F-59,1
P-4,F-60,3
P-4,F-61,1
P-4,F-62,2
P-4,F-63,3
P-4,F-64,1
P-4,F-65,3
P-4,F-66,5
P-4,F-67,1
P-4,F-68,2
P-4,F-69,3
P-4,F-70,2
P-4,F-71,1
P-4,F-72,1
P-4,F-73,1
P-4,F-74,5
P-4,F-75,4
P-4,F-76,1
P-4,F-77,2
P-4,F-78,3
P-4,F-79,5
P-4,F-80,5
P-4,F-81,5
P-4,F-82,4
P-4,F-83,3
P-4,F-84,4
P-4,F-85,3
P-4,F-86,2
P-4,F-87,5
P-4,F-88,4
P-4,F-89,5
P-4,F-90,2
P-4,F-91,1
P-4,F-92,3
P-4,F-93,5
P-4,F-94,1
P-4,F-95,5
P-4,F-96,3
P-4,F-97,3
P-4,F-98,2
P-4,F-99,3
P-4,F-100,5
P-4,F-101,3
P-4,F-102,1
P-4,F-103,2
P-4,F-104,5
P-4,F-105,4
P-4,F-106,1
P-4,F-107,1
P-4,F-108,5
P-4,F-109,1
P-4,F-110,5
P-4,F-111,1
P-4,F-112,2
P-4,F-113,5
P-4,F-114,2
P-4,F-115,5
P-4,F-116,2
P-4,F-117,3
P-4,F-118,1
P-4,F-119,2
P-4,F-120,1
P-4,F-121,5
P-4,F-122,5
P-4,F-123,4
P-4,F-124,5
P-4,F-125,1
P-4,F-126,3
P-4,F-127,2
P-4,F-128,3
P-4,F-129,5
P-4,F-130,1
P-4,F-131,4
P-4,F-132,1
P-4,F-133,3
P-5,F-1,2
P-5,F-2,2
P-5,F-3,1
P-5,F-4,4
P-5,F-5,5
P-5,F-6,4
P-5,F-7,5
P-5,F-8,5
P-5,F-9,1
P-5,F-10,2
P-5,F-11,4
P-5,F-12,1
P-5,F-13,4
P-5,F-14,5
P-5,F-15,1
P-5,F-16,5
P-5,F-17,5
P-5,F-18,1
P-5,F-19,1
P-5,F-20,1
P-5,F-21,2
P-5,F-22,4
P-5,F-23,4
P-5,F-24,4
P-5,F-25,3
P-5,F-26,1
P-5,F-27,1
P-5,F-28,1
P-5,F-29,4
P-5,F-30,2
P-5,F-31,1
P-5,F-32,1
P-5,F-33,1
P-5,F-34,5
P-5,F-35,3
P-5,F-36,2
P-5,F-37,3
P-5,F-38,5
P-5,F-39,1
P-5,F-40,1
P-5,F-41,3
P-5,F-42,4
P-5,F-43,4
P-5,F-44,1
P-5,F-45,2
P-5,F-46,2
P-5,F-47,5
P-5,F-48,4
P-5,F-49,3
P-5,F-50,5
P-5,F-51,4
P-5,F-52,3
P-5,F-53,3
P-5,F-54,4
P-5,F-55,4
P-5,F-56,5
P-5,F-57,1
P-5,F-58,5
P-5,F-59,5
P-5,F-60,3
P-5,F-61,2
P-5,F-62,4
P-5,F-63,5
P-5,F-64,5
P-5,F-65,1
P-5,F-66,2
P-5,F-67,1
P-5,F-68,4
P-5,F-69,5
P-5,F-70,5
P-5,F-71,3
P-5,F-72,1
P-5,F-73,2
P-5,F-74,2
P-5,F-75,4
P-5,F-76,3
P-5,F-77,5
P-5,F-78,5
P-5,F-79,3
P-5,F-80,4
P-5,F-81,4
P-5,F-82,5
P-5,F-83,2
P-5,F-84,4
P-5,F-85,1
P-5,F-86,5
P-5,F-87,5
P-5,F-88,5
P-5,F-89,5
P-5,F-90,2
P-5,F-91,5
P-5,F-92,4
P-5,F-93,4
P-5,F-94,4
P-5,F-95,5
P-5,F-96,4
P-5,F-97,4
P-5,F-98,3
P-5,F-99,3
P-5,F-100,5
P-5,F-101,5
P-5,F-102,5
P-5,F-103,3
P-5,F-104,2
P-5,F-105,4
P-5,F-106,5
P-5,F-107,3
P-5,F-108,3
P-5,F-109,1
P-5,F-110,4
P-5,F-111,1
P-5,F-112,5
P-5,F-113,5
P-5,F-114,1
P-5,F-115,2
P-5,F-116,4
P-5,F-117,3
P-5,F-118,1
P-5,F-119,2
P-5,F-120,5
P-5,F-121,5
P-5,F-122,4
P-5,F-123,4
P-5,F-124,2
P-5,F-125,2
P-5,F-126,3
P-5,F-127,1
P-5,F-128,1
P-5,F-129,1
P-5,F-130,1
P-5,F-131,3
P-5,F-132,1
P-5,F-133,3
P-6,F-1,2
P-6,F-2,2
P-6,F-3,4
P-6,F-4,4
P-6,F-5,5
P-6,F-6,2
P-6,F-7,5
P-6,F-8,4
P-6,F-9,4
P-6,F-10,5
P-6,F-11,3
P-6,F-12,2
P-6,F-13,4
P-6,F-14,5
P-6,F-15,2
P-6,F-16,3
P-6,F-17,5
P-6,F-18,4
P-6,F-19,3
P-6,F-20,4
P-6,F-21,4
P-6,F-22,2
P-6,F-23,4
P-6,F-24,5
P-6,F-25,2
P-6,F-26,1
P-6,F-27,1
P-6,F-28,2
P-6,F-29,5
P-6,F-30,5
P-6,F-31,4
P-6,F-32,1
P-6,F-33,2
P-6,F-34,1
P-6,F-35,5
P-6,F-36,2
P-6,F-37,1
P-6,F-38,4
P-6,F-39,3
P-6,F-40,4
P-6,F-41,2
P-6,F-42,5
P-6,F-43,5
P-6,F-44,2
P-6,F-45,2
P-6,F-46,2
P-6,F-47,3
P-6,F-48,5
P-6,F-49,2
P-6,F-50,3
P-6,F-51,5
P-6,F-52,2
P-6,F-53,5
P-6,F-54,5
P-6,F-55,5
P-6,F-56,1
P-6,F-57,4
P-6,F-58,1
P-6,F-59,3
P-6,F-60,2
P-6,F-61,5
P-6,F-62,1
P-6,F-63,1
P-6,F-64,2
P-6,F-65,3
P-6,F-66,1
P-6,F-67,1
P-6,F-68,1
P-6,F-69,5
P-6,F-70,2
P-6,F-71,3
P-6,F-72,2
P-6,F-73,1
P-6,F-74,2
P-6,F-75,4
P-6,F-76,1
P-6,F-77,4
P-6,F-78,3
P-6,F-79,1
P-6,F-80,2
P-6,F-81,4
P-6,F-82,4
P-6,F-83,5
P-6,F-84,2
P-6,F-85,5
P-6,F-86,5
P-6,F-87,3
P-6,F-88,1
P-6,F-89,1
P-6,F-90,5
P-6,F-91,4
P-6,F-92,4
P-6,F-93,4
P-6,F-94,5
P-6,F-95,3
P-6,F-96,4
P-6,F-97,3
P-6,F-98,3
P-6,F-99,2
P-6,F-100,3
P-6,F-101,4
P-6,F-102,3
P-6,F-103,2
P-6,F-104,4
P-6,F-105,3
P-6,F-106,1
P-6,F-107,1
P-6,F-108,2
P-6,F-109,1
P-6,F-110,2
P-6,F-111,3
P-6,F-112,2
P-6,F-113,5
P-6,F-114,3
P-6,F-115,2
P-6,F-116,3
P-6,F-117,4
P-6,F-118,5
P-6,F-119,2
P-6,F-120,5
P-6,F-121,1
P-6,F-122,1
P-6,F-123,5
P-6,F-124,2
P-6,F-125,3
P-6,F-126,5
P-6,F-127,5
P-6,F-128,5
P-6,F-129,3
P-6,F-130,5
P-6,F-131,1
P-6,F-132,4
P-6,F-133,4
P-7,F-1,3
P-7,F-2,3
P-7,F-3,3
P-7,F-4,2
P-7,F-5,5
P-7,F-6,1
P-7,F-7,1
P-7,F-8,4
P-7,F-9,1
P-7,F-10,3
P-7,F-11,1
P-7,F-12,2
P-7,F-13,2
P-7,F-14,1
P-7,F-15,3
P-7,F-16,3
P-7,F-17,5
P-7,F-18,2
P-7,F-19,1
P-7,F-20,3
P-7,F-21,1
P-7,F-22,4
P-7,F-23,4
P-7,F-24,2
P-7,F-25,5
P-7,F-26,3
P-7,F-27,5
P-7,F-28,3
P-7,F-29,4
P-7,F-30,1
P-7,F-31,2
P-7,F-32,4
P-7,F-33,4
P-7,F-34,2
P-7,F-35,4
P-7,F-36,4
P-7,F-37,1
P-7,F-38,3
P-7,F-39,3
P-7,F-40,3
P-7,F-41,1
P-7,F-42,2
P-7,F-43,4
P-7,F-44,4
P-7,F-45,1
P-7,F-46,1
P-7,F-47,3
P-7,F-48,4
P-7,F-49,1
P-7,F-50,5
P-7,F-51,1
P-7,F-52,4
P-7,F-53,5
P-7,F-54,4
P-7,F-55,2
P-7,F-56,1
P-7,F-57,2
P-7,F-58,3
P-7,F-59,2
P-7,F-60,2
P-7,F-61,5
P-7,F-62,2
P-7,F-63,5
P-7,F-64,1
P-7,F-65,4
P-7,F-66,4
P-7,F-67,4
P-7,F-68,1
P-7,F-69,1
P-7,F-70,2
P-7,F-71,3
P-7,F-72,1
P-7,F-73,3
P-7,F-74,2
P-7,F-75,3
P-7,F-76,5
P-7,F-77,2
P-7,F-78,4
P-7,F-79,4
P-7,F-80,1
P-7,F-81,4
P-7,F-82,2
P-7,F-83,4
P-7,F-84,1
P-7,F-85,1
P-7,F-86,1
P-7,F-87,5
P-7,F-88,1
P-7,F-89,5
P-7,F-90,1
P-7,F-91,4
P-7,F-92,5
P-7,F-93,5
P-7,F-94,2
P-7,F-95,4
P-7,F-96,1
P-7,F-97,3
P-7,F-98,5
P-7,F-99,5
P-7,F-100,5
P-7,F-101,4
P-7,F-102,1
P-7,F-103,2
P-7,F-104,5
P-7,F-105,2
P-7,F-106,4
P-7,F-107,1
P-7,F-108,5
P-7,F-109,1
P-7,F-110,1
P-7,F-111,3
P-7,F-112,3
P-7,F-113,1
P-7,F-114,1
P-7,F-115,4
P-7,F-116,2
P-7,F-117,2
P-7,F-118,2
P-7,F-119,3
P-7,F-120,2
P-7,F-121,3
P-7,F-122,3
P-7,F-123,4
P-7,F-124,2
P-7,F-125,5
P-7,F-126,2
P-7,F-127,1
P-7,F-128,2
P-7,F-129,4
P-7,F-130,2
P-7,F-131,1
P-7,F-132,1
P-7,F-133,3
P-8,F-1,1
P-8,F-2,2
P-8,F-3,2
P-8,F-4,2
P-8,F-5,3
P-8,F-6,2
P-8,F-7,2
P-8,F-8,3
P-8,F-9,1
P-8,F-10,3
P-8,F-11,2
P-8,F-12,1
P-8,F-13,2
P-8,F-14,1
P-8,F-15,5
P-8,F-16,3
P-8,F-17,2
P-8,F-18,1
P-8,F-19,3
P-8,F-20,3
P-8,F-21,2
P-8,F-22,1
P-8,F-23,1
P-8,F-24,3
P-8,F-25,4
P-8,F-26,3
P-8,F-27,5
P-8,F-28,1
P-8,F-29,1
P-8,F-30,4
P-8,F-31,2
P-8,F-32,2
P-8,F-33,3
P-8,F-34,3
P-8,F-35,1
P-8,F-36,5
P-8,F-37,3
P-8,F-38,3
P-8,F-39,2
P-8,F-40,5
P-8,F-41,2
P-8,F-42,5
P-8,F-43,3
P-8,F-44,4
P-8,F-45,1
P-8,F-46,4
P-8,F-47,2
P-8,F-48,5
P-8,F-49,1
P-8,F-50,5
P-8,F-51,5
P-8,F-52,1
P-8,F-53,3
P-8,F-54,5
P-8,F-55,4
P-8,F-56,3
P-8,F-57,1
P-8,F-58,3
P-8,F-59,1
P-8,F-60,4
P-8,F-61,4
P-8,F-62,5
P-8,F-63,3
P-8,F-64,1
P-8,F-65,2
P-8,F-66,1
P-8,F-67,2
P-8,F-68,2
P-8,F-69,4
P-8,F-70,2
P-8,F-71,2
P-8,F-72,1
P-8,F-73,3
P-8,F-74,1
P-8,F-75,1
P-8,F-76,1
P-8,F-77,1
P-8,F-78,5
P-8,F-79,4
P-8,F-80,2
P-8,F-81,1
P-8,F-82,5
P-8,F-83,3
P-8,F-84,2
P-8,F-85,1
P-8,F-86,1
P-8,F-87,5
P-8,F-88,1
P-8,F-89,5
P-8,F-90,4
P-8,F-91,3
P-8,F-92,4
P-8,F-93,2
P-8,F-94,4
P-8,F-95,4
P-8,F-96,4
P-8,F-97,4
P-8,F-98,1
P-8,F-99,5
P-8,F-100,4
P-8,F-101,4
P-8,F-102,1
P-8,F-103,2
P-8,F-104,1
P-8,F-105,1
P-8,F-106,5
P-8,F-107,2
P-8,F-108,4
P-8,F-109,4
P-8,F-110,4
P-8,F-111,5
P-8,F-112,5
P-8,F-113,1
P-8,F-114,4
P-8,F-115,4
P-8,F-116,5
P-8,F-117,1
P-8,F-118,3
P-8,F-119,2
P-8,F-120,2
P-8,F-121,1
P-8,F-122,4
P-8,F-123,4
P-8,F-124,2
P-8,F-125,5
P-8,F-126,3
P-8,F-127,5
P-8,F-128,3
P-8,F-129,2
P-8,F-130,2
P-8,F-131,2
P-8,F-132,1
P-8,F-133,2
P-35,F-1,1
P-35,F-2,5
P-35,F-3,1
P-35,F-4,1
P-35,F-5,4
P-35,F-6,4
P-35,F-7,3
P-35,F-8,4
P-35,F-9,5
P-35,F-10,4
P-35,F-11,3
P-35,F-12,3
P-35,F-13,5
P-35,F-14,1
P-35,F-15,3
P-35,F-16,2
P-35,F-17,2
P-35,F-18,3
P-35,F-19,4
P-35,F-20,1
P-35,F-21,5
P-35,F-22,5
P-35,F-23,5
P-35,F-24,5
P-35,F-25,4
P-35,F-26,5
P-35,F-27,2
P-35,F-28,5
P-35,F-29,2
P-35,F-30,2
P-35,F-31,2
P-35,F-32,1
P-35,F-33,5
P-35,F-34,4
P-35,F-35,1
P-35,F-36,5
P-35,F-37,5
P-35,F-38,1
P-35,F-39,5
P-35,F-40,2
P-35,F-41,2
P-35,F-42,5
P-35,F-43,4
P-35,F-44,5
P-35,F-45,5
P-35,F-46,3
P-35,F-47,5
P-9,F-48,5
P-9,F-49,2
P-9,F-50,4
P-9,F-51,2
P-9,F-52,4
P-9,F-53,5
P-9,F-54,2
P-9,F-55,3
P-9,F-56,2
P-9,F-57,5
P-9,F-58,5
P-9,F-59,4
P-9,F-60,2
P-9,F-61,1
P-9,F-62,5
P-9,F-63,5
P-9,F-64,2
P-9,F-65,1
P-9,F-66,3
P-9,F-67,2
P-9,F-68,3
P-9,F-69,3
P-9,F-70,4
P-9,F-71,1
P-9,F-72,3
P-9,F-73,2
P-9,F-74,4
P-9,F-75,2
P-9,F-76,2
P-9,F-77,4
P-9,F-78,4
P-9,F-79,1
P-9,F-80,2
P-9,F-81,1
P-9,F-82,1
P-9,F-83,2
P-9,F-84,4
P-9,F-85,5
P-9,F-86,3
P-9,F-87,4
P-9,F-88,1
P-9,F-89,2
P-9,F-90,1
P-9,F-91,5
P-9,F-92,1
P-9,F-93,2
P-9,F-94,5
P-9,F-95,1
P-9,F-96,5
P-9,F-97,4
P-9,F-98,1
P-9,F-99,3
P-9,F-100,4
P-9,F-101,3
P-9,F-102,3
P-9,F-103,5
P-9,F-104,1
P-9,F-105,2
P-9,F-106,4
P-9,F-107,5
P-9,F-108,3
P-9,F-109,3
P-9,F-110,5
P-9,F-111,3
P-9,F-112,3
P-9,F-113,1
P-9,F-114,1
P-9,F-115,3
P-9,F-116,4
P-9,F-117,1
P-9,F-118,1
P-9,F-119,1
P-9,F-120,1
P-9,F-121,3
P-9,F-122,1
P-9,F-123,3
P-9,F-124,3
P-9,F-125,2
P-9,F-126,3
P-9,F-127,3
P-9,F-128,2
P-9,F-129,1
P-9,F-130,3
P-9,F-131,1
P-9,F-132,2
P-9,F-133,1
P-10,F-1,5
P-10,F-2,5
P-10,F-3,4
P-10,F-4,5
P-10,F-5,3
P-10,F-6,5
P-10,F-7,2
P-10,F-8,1
P-10,F-9,1
P-10,F-10,2
P-10,F-11,3
P-10,F-12,3
P-10,F-13,2
P-10,F-14,3
P-10,F-15,5
P-10,F-16,4
P-10,F-17,4
P-10,F-18,1
P-10,F-19,2
P-10,F-20,2
P-10,F-21,2
P-10,F-22,2
P-10,F-23,2
P-10,F-24,4
P-10,F-25,2
P-10,F-26,5
P-10,F-27,3
P-10,F-28,2
P-10,F-29,1
P-10,F-30,5
P-10,F-31,4
P-10,F-32,4
P-10,F-33,4
P-10,F-34,5
P-10,F-35,3
P-10,F-36,3
P-10,F-37,2
P-10,F-38,1
P-10,F-39,1
P-10,F-40,3
P-10,F-41,4
P-10,F-42,5
P-10,F-43,3
P-10,F-44,2
P-10,F-45,4
P-10,F-46,5
P-10,F-47,1
P-10,F-48,4
P-10,F-49,4
P-10,F-50,2
P-10,F-51,3
P-10,F-52,2
P-10,F-53,5
P-10,F-54,5
P-10,F-55,2
P-10,F-56,2
P-10,F-57,5
P-10,F-58,4
P-10,F-59,4
P-10,F-60,3
P-10,F-61,5
P-10,F-62,1
P-10,F-63,1
P-10,F-64,2
P-10,F-65,5
P-10,F-66,4
P-10,F-67,1
P-10,F-68,5
P-10,F-69,5
P-10,F-70,2
P-10,F-71,1
P-10,F-72,2
P-10,F-73,3
P-10,F-74,2
P-10,F-75,3
P-10,F-76,4
P-10,F-77,3
P-10,F-78,4
P-10,F-79,4
P-10,F-80,4
P-10,F-81,2
P-10,F-82,4
P-10,F-83,5
P-10,F-84,3
P-10,F-85,5
P-10,F-86,3
P-10,F-87,4
P-10,F-88,5
P-10,F-89,2
P-10,F-90,3
P-10,F-91,3
P-10,F-92,1
P-10,F-93,5
P-10,F-94,2
P-10,F-95,5
P-10,F-96,5
P-10,F-97,3
P-10,F-98,3
P-10,F-99,4
P-10,F-100,3
P-10,F-101,2
P-10,F-102,5
P-10,F-103,3
P-10,F-104,5
P-10,F-105,4
P-10,F-106,3
P-10,F-107,4
P-10,F-108,2
P-10,F-109,1
P-10,F-110,3
P-10,F-111,4
P-10,F-112,4
P-10,F-113,4
P-10,F-114,4
P-10,F-115,5
P-10,F-116,4
P-10,F-117,3
P-10,F-118,4
P-10,F-119,4
P-10,F-120,1
P-10,F-121,1
P-10,F-122,4
P-10,F-123,3
P-10,F-124,5
P-10,F-125,1
P-10,F-126,2
P-10,F-127,3
P-10,F-128,2
P-10,F-129,1
P-10,F-130,5
P-10,F-131,2
P-10,F-132,4
P-10,F-133,3
P-11,F-1,3
P-11,F-2,5
P-11,F-3,3
P-11,F-4,3
P-11,F-5,2
P-11,F-6,3
P-11,F-7,3
P-11,F-8,1
P-11,F-9,3
P-11,F-10,3
P-11,F-11,5
P-11,F-12,4
P-11,F-13,5
P-11,F-14,4
P-11,F-15,3
P-11,F-16,5
P-11,F-17,3
P-11,F-18,5
P-11,F-19,3
P-11,F-20,1
P-11,F-21,4
P-11,F-22,3
P-11,F-23,5
P-11,F-24,3
P-11,F-25,2
P-11,F-26,1
P-11,F-27,3
P-11,F-28,2
P-11,F-29,4
P-11,F-30,4
P-11,F-31,4
P-11,F-32,5
P-11,F-33,4
P-11,F-34,2
P-11,F-35,5
P-11,F-36,1
P-11,F-37,5
P-11,F-38,3
P-11,F-39,2
P-11,F-40,4
P-11,F-41,2
P-11,F-42,5
P-11,F-43,4
P-11,F-44,3
P-11,F-45,3
P-11,F-46,3
P-11,F-47,5
P-11,F-48,2
P-11,F-49,1
P-11,F-50,1
P-11,F-51,4
P-11,F-52,1
P-11,F-53,5
P-11,F-54,2
P-11,F-55,2
P-11,F-56,2
P-11,F-57,3
P-11,F-58,4
P-11,F-59,5
P-11,F-60,4
P-11,F-61,4
P-11,F-62,4
P-11,F-63,4
P-11,F-64,2
P-11,F-65,4
P-11,F-66,1
P-11,F-67,3
P-11,F-68,2
P-11,F-69,3
P-11,F-70,1
P-11,F-71,2
P-11,F-72,1
P-11,F-73,2
P-11,F-74,3
P-11,F-75,1
P-11,F-76,4
P-11,F-77,2
P-11,F-78,1
P-11,F-79,5
P-11,F-80,3
P-11,F-81,2
P-11,F-82,5
P-11,F-83,3
P-11,F-84,3
P-11,F-85,3
P-11,F-86,1
P-11,F-87,5
P-11,F-88,3
P-11,F-89,5
P-11,F-90,3
P-11,F-91,4
P-11,F-92,5
P-11,F-93,5
P-11,F-94,4
P-11,F-95,2
P-11,F-96,2
P-11,F-97,3
P-11,F-98,1
P-11,F-99,4
P-11,F-100,4
P-11,F-101,3
P-11,F-102,4
P-11,F-103,1
P-11,F-104,3
P-11,F-105,4
P-11,F-106,3
P-11,F-107,4
P-11,F-108,3
P-11,F-109,5
P-11,F-110,2
P-11,F-111,4
P-11,F-112,4
P-11,F-113,3
P-11,F-114,5
P-11,F-115,5
P-11,F-116,4
P-11,F-117,1
P-11,F-118,2
P-11,F-119,3
P-11,F-120,5
P-11,F-121,1
P-11,F-122,2
P-11,F-123,3
P-11,F-124,1
P-11,F-125,2
P-11,F-126,5
P-11,F-127,4
P-11,F-128,3
P-11,F-129,2
P-11,F-130,5
P-11,F-131,3
P-11,F-132,5
P-11,F-133,5
P-12,F-1,2
P-12,F-2,2
P-12,F-3,3
P-12,F-4,3
P-12,F-5,1
P-12,F-6,1
P-12,F-7,4
P-12,F-8,4
P-12,F-9,4
P-12,F-10,5
P-12,F-11,4
P-12,F-12,5
P-12,F-13,3
P-12,F-14,1
P-12,F-15,4
P-12,F-16,5
P-12,F-17,1
P-12,F-18,5
P-12,F-19,1
P-12,F-20,1
P-12,F-21,2
P-12,F-22,3
P-12,F-23,3
P-12,F-24,1
P-12,F-25,3
P-12,F-26,2
P-12,F-27,3
P-12,F-28,5
P-12,F-29,2
P-12,F-30,2
P-12,F-31,2
P-12,F-32,1
P-12,F-33,2
P-12,F-34,4
P-12,F-35,4
P-12,F-36,3
P-12,F-37,3
P-12,F-38,2
P-12,F-39,5
P-12,F-40,3
P-12,F-41,5
P-12,F-42,5
P-12,F-43,2
P-12,F-44,2
P-12,F-45,1
P-12,F-46,2
P-12,F-47,4
P-12,F-48,5
P-12,F-49,1
P-12,F-50,1
P-12,F-51,4
P-12,F-52,2
P-12,F-53,4
P-12,F-54,3
P-12,F-55,2
P-12,F-56,1
P-12,F-57,2
P-12,F-58,5
P-12,F-59,5
P-12,F-60,5
P-12,F-61,1
P-12,F-62,3
P-12,F-63,3
P-12,F-64,5
P-12,F-65,5
P-12,F-66,5
P-12,F-67,4
P-12,F-68,4
P-12,F-69,2
P-12,F-70,5
P-12,F-71,5
P-12,F-72,3
P-12,F-73,5
P-12,F-74,3
P-12,F-75,3
P-12,F-76,2
P-12,F-77,2
P-12,F-78,1
P-12,F-79,2
P-12,F-80,5
P-12,F-81,3
P-12,F-82,3
P-12,F-83,4
P-12,F-84,5
P-12,F-85,2
P-12,F-86,2
P-12,F-87,2
P-12,F-88,4
P-12,F-89,5
P-12,F-90,4
P-12,F-91,3
P-12,F-92,1
P-12,F-93,1
P-12,F-94,3
P-12,F-95,2
P-12,F-96,4
P-12,F-97,2
P-12,F-98,2
P-12,F-99,4
P-12,F-100,5
P-12,F-101,5
P-12,F-102,5
P-12,F-103,3
P-12,F-104,5
P-12,F-105,4
P-12,F-106,2
P-12,F-107,5
P-12,F-108,5
P-12,F-109,5
P-12,F-110,5
P-12,F-111,2
P-12,F-112,5
P-12,F-113,4
P-12,F-114,1
P-12,F-115,3
P-12,F-116,1
P-12,F-117,1
P-12,F-118,5
P-12,F-119,4
P-12,F-120,4
P-12,F-121,3
P-12,F-122,3
P-12,F-123,2
P-12,F-124,1
P-12,F-125,2
P-12,F-126,1
P-12,F-127,3
P-12,F-128,4
P-12,F-129,4
P-12,F-130,4
P-12,F-131,2
P-12,F-132,5
P-12,F-133,5
P-13,F-1,3
P-13,F-2,3
P-13,F-3,2
P-13,F-4,1
P-13,F-5,4
P-13,F-6,2
P-13,F-7,4
P-13,F-8,3
P-13,F-9,5
P-13,F-10,1
P-13,F-11,5
P-13,F-12,1
P-13,F-13,3
P-13,F-14,2
P-13,F-15,2
P-13,F-16,4
P-13,F-17,4
P-13,F-18,5
P-13,F-19,1
P-13,F-20,2
P-13,F-21,2
P-13,F-22,3
P-13,F-23,4
P-13,F-24,1
P-13,F-25,5
P-13,F-26,2
P-13,F-27,5
P-13,F-28,4
P-13,F-29,5
P-13,F-30,3
P-13,F-31,5
P-13,F-32,5
P-13,F-33,1
P-13,F-34,1
P-13,F-35,4
P-13,F-36,2
P-13,F-37,3
P-13,F-38,5
P-13,F-39,3
P-13,F-40,2
P-13,F-41,2
P-13,F-42,5
P-13,F-43,3
P-13,F-44,2
P-13,F-45,4
P-13,F-46,1
P-13,F-47,2
P-13,F-48,3
P-13,F-49,3
P-13,F-50,1
P-13,F-51,2
P-13,F-52,4
P-13,F-53,1
P-13,F-54,4
P-13,F-55,2
P-13,F-56,5
P-13,F-57,1
P-13,F-58,1
P-13,F-59,4
P-13,F-60,4
P-13,F-61,1
P-13,F-62,2
P-13,F-63,2
P-13,F-64,2
P-13,F-65,3
P-13,F-66,3
P-13,F-67,1
P-13,F-68,3
P-13,F-69,2
P-13,F-70,5
P-13,F-71,2
P-13,F-72,5
P-13,F-73,4
P-13,F-74,1
P-13,F-75,4
P-13,F-76,2
P-13,F-77,5
P-13,F-78,2
P-13,F-79,4
P-13,F-80,1
P-13,F-81,5
P-13,F-82,1
P-13,F-83,3
P-13,F-84,1
P-13,F-85,2
P-13,F-86,2
P-13,F-87,5
P-13,F-88,5
P-13,F-89,2
P-13,F-90,5
P-13,F-91,4
P-13,F-92,5
P-13,F-93,3
P-13,F-94,3
P-13,F-95,4
P-13,F-96,3
P-13,F-97,5
P-13,F-98,5
P-13,F-99,5
P-13,F-100,4
P-13,F-101,1
P-13,F-102,5
P-13,F-103,5
P-13,F-104,1
P-13,F-105,2
P-13,F-106,3
P-13,F-107,1
P-13,F-108,2
P-13,F-109,4
P-13,F-110,4
P-13,F-111,4
P-13,F-112,3
P-13,F-113,3
P-13,F-114,1
P-13,F-115,5
P-13,F-116,5
P-13,F-117,1
P-13,F-118,3
P-13,F-119,2
P-13,F-120,3
P-13,F-121,3
P-13,F-122,3
P-13,F-123,5
P-13,F-124,5
P-13,F-125,1
P-13,F-126,5
P-13,F-127,1
P-13,F-128,1
P-13,F-129,2
P-13,F-130,3
P-13,F-131,2
P-13,F-132,1
P-13,F-133,3
P-14,F-1,3
P-14,F-2,1
P-14,F-3,2
P-14,F-4,5
P-14,F-5,3
P-14,F-6,4
P-14,F-7,5
P-14,F-8,4
P-14,F-9,3
P-14,F-10,3
P-14,F-11,2
P-14,F-12,1
P-14,F-13,4
P-14,F-14,3
P-14,F-15,5
P-14,F-16,2
P-14,F-17,5
P-14,F-18,1
P-14,F-19,1
P-14,F-20,4
P-14,F-21,2
P-14,F-22,4
P-14,F-23,2
P-14,F-24,3
P-14,F-25,1
P-14,F-26,2
P-14,F-27,5
P-14,F-28,4
P-14,F-29,4
P-14,F-30,4
P-14,F-31,4
P-14,F-32,1
P-14,F-33,4
P-14,F-34,1
P-14,F-35,1
P-14,F-36,2
P-14,F-37,3
P-14,F-38,5
P-14,F-39,1
P-14,F-40,1
P-14,F-41,2
P-14,F-42,3
P-14,F-43,5
P-14,F-44,2
P-14,F-45,5
P-14,F-46,1
P-14,F-47,4
P-14,F-48,5
P-14,F-49,2
P-14,F-50,5
P-14,F-51,3
P-14,F-52,2
P-14,F-53,3
P-14,F-54,3
P-14,F-55,4
P-14,F-56,4
P-14,F-57,5
P-14,F-58,5
P-14,F-59,1
P-14,F-60,2
P-14,F-61,2
P-14,F-62,1
P-14,F-63,4
P-14,F-64,4
P-14,F-65,4
P-14,F-66,2
P-14,F-67,1
P-14,F-68,1
P-14,F-69,3
P-14,F-70,1
P-14,F-71,5
P-14,F-72,5
P-14,F-73,1
P-14,F-74,4
P-14,F-75,3
P-14,F-76,5
P-14,F-77,3
P-14,F-78,1
P-14,F-79,1
P-14,F-80,1
P-14,F-81,2
P-14,F-82,5
P-14,F-83,5
P-14,F-84,2
P-14,F-85,3
P-14,F-86,2
P-14,F-87,3
P-14,F-88,3
P-14,F-89,4
P-14,F-90,5
P-14,F-91,3
P-14,F-92,4
P-14,F-93,2
P-14,F-94,2
P-14,F-95,4
P-14,F-96,4
P-14,F-97,1
P-14,F-98,1
P-14,F-99,2
P-14,F-100,5
P-14,F-101,5
P-14,F-102,5
P-14,F-103,3
P-14,F-104,2
P-14,F-105,4
P-14,F-106,1
P-14,F-107,4
P-14,F-108,4
P-14,F-109,3
P-14,F-110,2
P-14,F-111,4
P-14,F-112,2
P-14,F-113,5
P-14,F-114,5
P-14,F-115,5
P-14,F-116,5
P-14,F-117,1
P-14,F-118,5
P-14,F-119,2
P-14,F-120,3
P-14,F-121,2
P-14,F-122,2
P-14,F-123,1
P-14,F-124,5
P-14,F-125,1
P-14,F-126,1
P-14,F-127,3
P-14,F-128,5
P-14,F-129,1
P-14,F-130,2
P-14,F-131,4
P-14,F-132,4
P-14,F-133,5
P-15,F-1,4
P-15,F-2,4
P-15,F-3,1
P-15,F-4,5
P-15,F-5,2
P-15,F-6,1
P-15,F-7,5
P-15,F-8,4
P-15,F-9,4
P-15,F-10,2
P-15,F-11,4
P-15,F-12,4
P-15,F-13,3
P-15,F-14,1
P-15,F-15,2
P-15,F-16,3
P-15,F-17,4
P-15,F-18,2
P-15,F-19,3
P-15,F-20,4
P-15,F-21,3
P-15,F-22,2
P-15,F-23,5
P-15,F-24,1
P-15,F-25,3
P-15,F-26,4
P-15,F-27,5
P-15,F-28,3
P-15,F-29,1
P-15,F-30,5
P-15,F-31,5
P-15,F-32,4
P-15,F-33,5
P-15,F-34,1
P-15,F-35,5
P-15,F-36,5
P-15,F-37,5
P-15,F-38,1
P-15,F-39,1
P-15,F-40,3
P-15,F-41,1
P-15,F-42,2
P-15,F-43,3
P-15,F-44,1
P-15,F-45,4
P-15,F-46,5
P-15,F-47,4
P-15,F-48,5
P-15,F-49,4
P-15,F-50,3
P-15,F-51,3
P-15,F-52,3
P-15,F-53,4
P-15,F-54,1
P-15,F-55,5
P-15,F-56,3
P-15,F-57,2
P-15,F-58,2
P-15,F-59,1
P-15,F-60,1
P-15,F-61,4
P-15,F-62,1
P-15,F-63,4
P-15,F-64,3
P-15,F-65,1
P-15,F-66,4
P-15,F-67,1
P-15,F-68,2
P-15,F-69,4
P-15,F-70,2
P-15,F-71,3
P-15,F-72,2
P-15,F-73,1
P-15,F-74,2
P-15,F-75,4
P-15,F-76,1
P-15,F-77,1
P-15,F-78,3
P-15,F-79,2
P-15,F-80,1
P-15,F-81,2
P-15,F-82,1
P-15,F-83,5
P-15,F-84,4
P-15,F-85,3
P-15,F-86,2
P-15,F-87,2
P-15,F-88,2
P-15,F-89,4
P-15,F-90,2
P-15,F-91,5
P-15,F-92,1
P-15,F-93,1
P-15,F-94,3
P-15,F-95,5
P-15,F-96,3
P-15,F-97,1
P-15,F-98,4
P-15,F-99,5
P-15,F-100,4
P-15,F-101,2
P-15,F-102,4
P-15,F-103,1
P-15,F-104,4
P-15,F-105,1
P-15,F-106,5
P-15,F-107,5
P-15,F-108,5
P-15,F-109,4
P-15,F-110,5
P-15,F-111,5
P-15,F-112,5
P-15,F-113,5
P-15,F-114,5
P-15,F-115,1
P-15,F-116,5
P-15,F-117,1
P-15,F-118,5
P-15,F-119,2
P-15,F-120,2
P-15,F-121,4
P-15,F-122,1
P-15,F-123,1
P-15,F-124,3
P-15,F-125,5
P-15,F-126,4
P-15,F-127,5
P-15,F-128,3
P-15,F-129,3
P-15,F-130,1
P-15,F-131,1
P-15,F-132,2
P-15,F-133,3
